,Depot,SKU,Customer,ActivityDate,OrderQuantity
0,13,40,6,3/1/2017,50
1,13,40,6,4/1/2017,10
2,13,40,6,5/1/2017,3
3,13,40,6,6/1/2017,21
4,13,40,6,7/1/2017,1
5,13,40,6,8/1/2017,0
6,13,40,6,9/1/2017,41
7,13,40,6,10/1/2017,5
8,13,40,6,11/1/2017,10
9,13,40,6,12/1/2017,3
10,13,40,6,13/1/2017,19
11,13,40,6,14/1/2017,0
12,13,40,6,15/1/2017,0
13,13,40,6,16/1/2017,48
14,13,40,6,17/1/2017,9
15,13,40,6,18/1/2017,6
16,13,40,6,19/1/2017,4
17,13,40,6,20/1/2017,28
18,13,40,6,21/1/2017,0
19,13,40,6,22/1/2017,0
20,13,40,6,23/1/2017,43
21,13,40,6,24/1/2017,6
22,13,40,6,25/1/2017,6
23,13,40,6,26/1/2017,6
24,13,40,6,27/1/2017,20
25,13,40,6,28/1/2017,0
26,13,40,6,29/1/2017,0
27,13,40,6,30/1/2017,61
28,13,40,6,31/1/2017,13
29,13,40,6,1/2/2017,10
30,13,40,6,2/2/2017,7
31,13,40,6,3/2/2017,28
32,13,40,6,4/2/2017,0
33,13,40,6,5/2/2017,0
34,13,40,6,6/2/2017,29
35,13,40,6,7/2/2017,36
36,13,40,6,8/2/2017,13
37,13,40,6,9/2/2017,3
38,13,40,6,10/2/2017,18
39,13,40,6,11/2/2017,0
40,13,40,6,12/2/2017,0
41,13,40,6,13/2/2017,49
42,13,40,6,14/2/2017,13
43,13,40,6,15/2/2017,11
44,13,40,6,16/2/2017,4
45,13,40,6,17/2/2017,18
46,13,40,6,18/2/2017,0
47,13,40,6,19/2/2017,10
48,13,40,6,20/2/2017,58
49,13,40,6,21/2/2017,12
50,13,40,6,22/2/2017,5
51,13,40,6,23/2/2017,0
52,13,40,6,24/2/2017,23
53,13,40,6,25/2/2017,0
54,13,40,6,26/2/2017,5
55,13,40,6,27/2/2017,49
56,13,40,6,28/2/2017,7
57,13,40,6,1/3/2017,13
58,13,40,6,2/3/2017,7
59,13,40,6,3/3/2017,25
60,13,40,6,4/3/2017,0
61,13,40,6,5/3/2017,0
62,13,40,6,6/3/2017,41
63,13,40,6,7/3/2017,17
64,13,40,6,8/3/2017,8
65,13,40,6,9/3/2017,4
66,13,40,6,10/3/2017,16
67,13,40,6,11/3/2017,0
68,13,40,6,12/3/2017,0
69,13,40,6,13/3/2017,57
70,13,40,6,14/3/2017,20
71,13,40,6,15/3/2017,14
72,13,40,6,16/3/2017,4
73,13,40,6,17/3/2017,16
74,13,40,6,18/3/2017,0
75,13,40,6,19/3/2017,9
76,13,40,6,20/3/2017,44
77,13,40,6,21/3/2017,19
78,13,40,6,22/3/2017,7
79,13,40,6,23/3/2017,3
80,13,40,6,24/3/2017,21
81,13,40,6,25/3/2017,0
82,13,40,6,26/3/2017,0
83,13,40,6,27/3/2017,37
84,13,40,6,28/3/2017,22
85,13,40,6,29/3/2017,10
86,13,40,6,30/3/2017,5
87,13,40,6,31/3/2017,26
88,13,40,31,4/1/2017,2
89,13,40,31,5/1/2017,2
90,13,40,31,6/1/2017,1
91,13,40,31,7/1/2017,0
92,13,40,31,8/1/2017,0
93,13,40,31,9/1/2017,1
94,13,40,31,10/1/2017,1
95,13,40,31,11/1/2017,0
96,13,40,31,12/1/2017,0
97,13,40,31,13/1/2017,5
98,13,40,31,14/1/2017,0
99,13,40,31,15/1/2017,0
100,13,40,31,16/1/2017,3
101,13,40,31,17/1/2017,0
102,13,40,31,18/1/2017,2
103,13,40,31,19/1/2017,0
104,13,40,31,20/1/2017,6
105,13,40,31,21/1/2017,0
106,13,40,31,22/1/2017,0
107,13,40,31,23/1/2017,2
108,13,40,31,24/1/2017,1
109,13,40,31,25/1/2017,1
110,13,40,31,26/1/2017,3
111,13,40,31,27/1/2017,5
112,13,40,31,28/1/2017,0
113,13,40,31,29/1/2017,0
114,13,40,31,30/1/2017,1
115,13,40,31,31/1/2017,1
116,13,40,31,1/2/2017,3
117,13,40,31,2/2/2017,1
118,13,40,31,3/2/2017,8
119,13,40,31,4/2/2017,0
120,13,40,31,5/2/2017,1
121,13,40,31,6/2/2017,3
122,13,40,31,7/2/2017,0
123,13,40,31,8/2/2017,4
124,13,40,31,9/2/2017,0
125,13,40,31,10/2/2017,3
126,13,40,31,11/2/2017,0
127,13,40,31,12/2/2017,0
128,13,40,31,13/2/2017,2
129,13,40,31,14/2/2017,1
130,13,40,31,15/2/2017,3
131,13,40,31,16/2/2017,0
132,13,40,31,17/2/2017,3
133,13,40,31,18/2/2017,0
134,13,40,31,19/2/2017,2
135,13,40,31,20/2/2017,1
136,13,40,31,21/2/2017,1
137,13,40,31,22/2/2017,2
138,13,40,31,23/2/2017,0
139,13,40,31,24/2/2017,8
140,13,40,31,25/2/2017,0
141,13,40,31,26/2/2017,0
142,13,40,31,27/2/2017,3
143,13,40,31,28/2/2017,1
144,13,40,31,1/3/2017,2
145,13,40,31,2/3/2017,0
146,13,40,31,3/3/2017,5
147,13,40,31,4/3/2017,0
148,13,40,31,5/3/2017,0
149,13,40,31,6/3/2017,3
150,13,40,31,7/3/2017,1
151,13,40,31,8/3/2017,1
152,13,40,31,9/3/2017,0
153,13,40,31,10/3/2017,2
154,13,40,31,11/3/2017,0
155,13,40,31,12/3/2017,0
156,13,40,31,13/3/2017,2
157,13,40,31,14/3/2017,1
158,13,40,31,15/3/2017,1
159,13,40,31,16/3/2017,0
160,13,40,31,17/3/2017,6
161,13,40,31,18/3/2017,0
162,13,40,31,19/3/2017,1
163,13,40,31,20/3/2017,2
164,13,40,31,21/3/2017,1
165,13,40,31,22/3/2017,1
166,13,40,31,23/3/2017,0
167,13,40,31,24/3/2017,3
168,13,40,31,25/3/2017,0
169,13,40,31,26/3/2017,0
170,13,40,31,27/3/2017,5
171,13,40,31,28/3/2017,1
172,13,40,31,29/3/2017,0
173,13,40,31,30/3/2017,2
174,13,40,31,31/3/2017,8
175,13,40,58,3/1/2017,1
176,13,40,58,4/1/2017,6
177,13,40,58,5/1/2017,4
178,13,40,58,6/1/2017,0
179,13,40,58,7/1/2017,0
180,13,40,58,8/1/2017,0
181,13,40,58,9/1/2017,2
182,13,40,58,10/1/2017,2
183,13,40,58,11/1/2017,3
184,13,40,58,12/1/2017,2
185,13,40,58,13/1/2017,4
186,13,40,58,14/1/2017,0
187,13,40,58,15/1/2017,0
188,13,40,58,16/1/2017,4
189,13,40,58,17/1/2017,7
190,13,40,58,18/1/2017,5
191,13,40,58,19/1/2017,0
192,13,40,58,20/1/2017,3
193,13,40,58,21/1/2017,0
194,13,40,58,22/1/2017,0
195,13,40,58,23/1/2017,4
196,13,40,58,24/1/2017,8
197,13,40,58,25/1/2017,4
198,13,40,58,26/1/2017,0
199,13,40,58,27/1/2017,6
200,13,40,58,28/1/2017,0
201,13,40,58,29/1/2017,0
202,13,40,58,30/1/2017,2
203,13,40,58,31/1/2017,4
204,13,40,58,1/2/2017,4
205,13,40,58,2/2/2017,0
206,13,40,58,3/2/2017,3
207,13,40,58,4/2/2017,0
208,13,40,58,5/2/2017,0
209,13,40,58,6/2/2017,2
210,13,40,58,7/2/2017,5
211,13,40,58,8/2/2017,3
212,13,40,58,9/2/2017,0
213,13,40,58,10/2/2017,2
214,13,40,58,11/2/2017,0
215,13,40,58,12/2/2017,0
216,13,40,58,13/2/2017,6
217,13,40,58,14/2/2017,5
218,13,40,58,15/2/2017,5
219,13,40,58,16/2/2017,0
220,13,40,58,17/2/2017,3
221,13,40,58,18/2/2017,0
222,13,40,58,19/2/2017,0
223,13,40,58,20/2/2017,3
224,13,40,58,21/2/2017,5
225,13,40,58,22/2/2017,7
226,13,40,58,23/2/2017,0
227,13,40,58,24/2/2017,2
228,13,40,58,25/2/2017,0
229,13,40,58,26/2/2017,0
230,13,40,58,27/2/2017,3
231,13,40,58,28/2/2017,2
232,13,40,58,1/3/2017,8
233,13,40,58,2/3/2017,0
234,13,40,58,3/3/2017,0
235,13,40,58,4/3/2017,0
236,13,40,58,5/3/2017,0
237,13,40,58,6/3/2017,5
238,13,40,58,7/3/2017,7
239,13,40,58,8/3/2017,4
240,13,40,58,9/3/2017,0
241,13,40,58,10/3/2017,2
242,13,40,58,11/3/2017,0
243,13,40,58,12/3/2017,0
244,13,40,58,13/3/2017,4
245,13,40,58,14/3/2017,4
246,13,40,58,15/3/2017,3
247,13,40,58,16/3/2017,0
248,13,40,58,17/3/2017,0
249,13,40,58,18/3/2017,0
250,13,40,58,19/3/2017,0
251,13,40,58,20/3/2017,2
252,13,40,58,21/3/2017,5
253,13,40,58,22/3/2017,4
254,13,40,58,23/3/2017,0
255,13,40,58,24/3/2017,3
256,13,40,58,25/3/2017,0
257,13,40,58,26/3/2017,0
258,13,40,58,27/3/2017,1
259,13,40,58,28/3/2017,4
260,13,40,58,29/3/2017,6
261,13,41,11,4/1/2017,2
262,13,41,11,5/1/2017,4
263,13,41,11,6/1/2017,1
264,13,41,11,7/1/2017,0
265,13,41,11,8/1/2017,0
266,13,41,11,9/1/2017,0
267,13,41,11,10/1/2017,1
268,13,41,11,11/1/2017,0
269,13,41,11,12/1/2017,0
270,13,41,11,13/1/2017,0
271,13,41,11,14/1/2017,0
272,13,41,11,15/1/2017,0
273,13,41,11,16/1/2017,0
274,13,41,11,17/1/2017,0
275,13,41,11,18/1/2017,1
276,13,41,11,19/1/2017,1
277,13,41,11,20/1/2017,0
278,13,41,11,21/1/2017,0
279,13,41,11,22/1/2017,0
280,13,41,11,23/1/2017,0
281,13,41,11,24/1/2017,1
282,13,41,11,25/1/2017,0
283,13,41,11,26/1/2017,0
284,13,41,11,27/1/2017,0
285,13,41,11,28/1/2017,0
286,13,41,11,29/1/2017,0
287,13,41,11,30/1/2017,0
288,13,41,11,31/1/2017,3
289,13,41,11,1/2/2017,1
290,13,41,11,2/2/2017,0
291,13,41,11,3/2/2017,2
292,13,41,11,4/2/2017,0
293,13,41,11,5/2/2017,0
294,13,41,11,6/2/2017,0
295,13,41,11,7/2/2017,1
296,13,41,11,8/2/2017,0
297,13,41,11,9/2/2017,0
298,13,41,11,10/2/2017,1
299,13,41,11,11/2/2017,0
300,13,41,11,12/2/2017,0
301,13,41,11,13/2/2017,0
302,13,41,11,14/2/2017,1
303,13,41,11,15/2/2017,1
304,13,41,11,16/2/2017,1
305,13,41,11,17/2/2017,0
306,13,41,11,18/2/2017,0
307,13,41,11,19/2/2017,0
308,13,41,11,20/2/2017,0
309,13,41,11,21/2/2017,4
310,13,41,11,22/2/2017,0
311,13,41,11,23/2/2017,0
312,13,41,11,24/2/2017,1
313,13,41,11,25/2/2017,0
314,13,41,11,26/2/2017,0
315,13,41,11,27/2/2017,0
316,13,41,11,28/2/2017,3
317,13,41,11,1/3/2017,1
318,13,41,11,2/3/2017,0
319,13,41,11,3/3/2017,0
320,13,41,11,4/3/2017,0
321,13,41,11,5/3/2017,0
322,13,41,11,6/3/2017,0
323,13,41,11,7/3/2017,3
324,13,41,11,8/3/2017,0
325,13,41,11,9/3/2017,1
326,13,41,11,10/3/2017,0
327,13,41,11,11/3/2017,0
328,13,41,11,12/3/2017,0
329,13,41,11,13/3/2017,0
330,13,41,11,14/3/2017,2
331,13,41,11,15/3/2017,1
332,13,41,11,16/3/2017,1
333,13,41,11,17/3/2017,0
334,13,41,11,18/3/2017,0
335,13,41,11,19/3/2017,0
336,13,41,11,20/3/2017,0
337,13,41,11,21/3/2017,3
338,13,41,11,22/3/2017,0
339,13,41,11,23/3/2017,0
340,13,41,11,24/3/2017,0
341,13,41,11,25/3/2017,0
342,13,41,11,26/3/2017,0
343,13,41,11,27/3/2017,1
344,13,41,11,28/3/2017,1
345,13,41,11,29/3/2017,0
346,13,41,11,30/3/2017,1
347,13,42,11,4/1/2017,1
348,13,42,11,5/1/2017,3
349,13,42,11,6/1/2017,0
350,13,42,11,7/1/2017,0
351,13,42,11,8/1/2017,0
352,13,42,11,9/1/2017,0
353,13,42,11,10/1/2017,0
354,13,42,11,11/1/2017,0
355,13,42,11,12/1/2017,0
356,13,42,11,13/1/2017,0
357,13,42,11,14/1/2017,0
358,13,42,11,15/1/2017,0
359,13,42,11,16/1/2017,0
360,13,42,11,17/1/2017,1
361,13,42,11,18/1/2017,0
362,13,42,11,19/1/2017,0
363,13,42,11,20/1/2017,0
364,13,42,11,21/1/2017,0
365,13,42,11,22/1/2017,0
366,13,42,11,23/1/2017,0
367,13,42,11,24/1/2017,0
368,13,42,11,25/1/2017,0
369,13,42,11,26/1/2017,0
370,13,42,11,27/1/2017,0
371,13,42,11,28/1/2017,0
372,13,42,11,29/1/2017,0
373,13,42,11,30/1/2017,0
374,13,42,11,31/1/2017,1
375,13,42,11,1/2/2017,0
376,13,42,11,2/2/2017,0
377,13,42,11,3/2/2017,0
378,13,42,11,4/2/2017,0
379,13,42,11,5/2/2017,0
380,13,42,11,6/2/2017,0
381,13,42,11,7/2/2017,0
382,13,42,11,8/2/2017,2
383,13,42,11,9/2/2017,1
384,13,42,11,10/2/2017,0
385,13,42,11,11/2/2017,0
386,13,42,11,12/2/2017,0
387,13,42,11,13/2/2017,0
388,13,42,11,14/2/2017,1
389,13,42,11,15/2/2017,1
390,13,42,11,16/2/2017,0
391,13,42,11,17/2/2017,0
392,13,42,11,18/2/2017,0
393,13,42,11,19/2/2017,0
394,13,42,11,20/2/2017,0
395,13,42,11,21/2/2017,1
396,13,42,11,22/2/2017,0
397,13,42,11,23/2/2017,0
398,13,42,11,24/2/2017,1
399,13,42,11,25/2/2017,0
400,13,42,11,26/2/2017,0
401,13,42,11,27/2/2017,0
402,13,42,11,28/2/2017,0
403,13,42,11,1/3/2017,0
404,13,42,11,2/3/2017,0
405,13,42,11,3/3/2017,0
406,13,42,11,4/3/2017,0
407,13,42,11,5/3/2017,0
408,13,42,11,6/3/2017,0
409,13,42,11,7/3/2017,2
410,13,42,11,8/3/2017,0
411,13,42,11,9/3/2017,3
412,13,42,11,10/3/2017,0
413,13,42,11,11/3/2017,0
414,13,42,11,12/3/2017,0
415,13,42,11,13/3/2017,0
416,13,42,11,14/3/2017,0
417,13,42,11,15/3/2017,0
418,13,42,11,16/3/2017,0
419,13,42,11,17/3/2017,0
420,13,42,11,18/3/2017,0
421,13,42,11,19/3/2017,0
422,13,42,11,20/3/2017,0
423,13,42,11,21/3/2017,1
424,13,42,11,22/3/2017,1
425,13,42,11,23/3/2017,0
426,13,42,11,24/3/2017,2
427,13,42,11,25/3/2017,0
428,13,42,11,26/3/2017,0
429,13,42,11,27/3/2017,0
430,13,42,11,28/3/2017,2
431,13,42,11,29/3/2017,1
432,13,42,11,30/3/2017,3
433,13,44,6,3/1/2017,4
434,13,44,6,4/1/2017,1
435,13,44,6,5/1/2017,0
436,13,44,6,6/1/2017,1
437,13,44,6,7/1/2017,1
438,13,44,6,8/1/2017,0
439,13,44,6,9/1/2017,1
440,13,44,6,10/1/2017,1
441,13,44,6,11/1/2017,0
442,13,44,6,12/1/2017,4
443,13,44,6,13/1/2017,3
444,13,44,6,14/1/2017,0
445,13,44,6,15/1/2017,0
446,13,44,6,16/1/2017,1
447,13,44,6,17/1/2017,1
448,13,44,6,18/1/2017,0
449,13,44,6,19/1/2017,4
450,13,44,6,20/1/2017,6
451,13,44,6,21/1/2017,0
452,13,44,6,22/1/2017,0
453,13,44,6,23/1/2017,3
454,13,44,6,24/1/2017,2
455,13,44,6,25/1/2017,0
456,13,44,6,26/1/2017,2
457,13,44,6,27/1/2017,4
458,13,44,6,28/1/2017,0
459,13,44,6,29/1/2017,0
460,13,44,6,30/1/2017,3
461,13,44,6,31/1/2017,0
462,13,44,6,1/2/2017,0
463,13,44,6,2/2/2017,2
464,13,44,6,3/2/2017,7
465,13,44,6,4/2/2017,0
466,13,44,6,5/2/2017,0
467,13,44,6,6/2/2017,1
468,13,44,6,7/2/2017,5
469,13,44,6,8/2/2017,3
470,13,44,6,9/2/2017,1
471,13,44,6,10/2/2017,3
472,13,44,6,11/2/2017,0
473,13,44,6,12/2/2017,0
474,13,44,6,13/2/2017,1
475,13,44,6,14/2/2017,0
476,13,44,6,15/2/2017,0
477,13,44,6,16/2/2017,1
478,13,44,6,17/2/2017,2
479,13,44,6,18/2/2017,0
480,13,44,6,19/2/2017,4
481,13,44,6,20/2/2017,3
482,13,44,6,21/2/2017,0
483,13,44,6,22/2/2017,0
484,13,44,6,23/2/2017,2
485,13,44,6,24/2/2017,25
486,13,44,6,25/2/2017,0
487,13,44,6,26/2/2017,3
488,13,44,6,27/2/2017,29
489,13,44,6,28/2/2017,2
490,13,44,6,1/3/2017,2
491,13,44,6,2/3/2017,6
492,13,44,6,3/3/2017,8
493,13,44,6,4/3/2017,0
494,13,44,6,5/3/2017,0
495,13,44,6,6/3/2017,4
496,13,44,6,7/3/2017,3
497,13,44,6,8/3/2017,0
498,13,44,6,9/3/2017,4
499,13,44,6,10/3/2017,14
500,13,44,6,11/3/2017,0
501,13,44,6,12/3/2017,0
502,13,44,6,13/3/2017,8
503,13,44,6,14/3/2017,0
504,13,44,6,15/3/2017,1
505,13,44,6,16/3/2017,1
506,13,44,6,17/3/2017,13
507,13,44,6,18/3/2017,0
508,13,44,6,19/3/2017,0
509,13,44,6,20/3/2017,12
510,13,44,6,21/3/2017,3
511,13,44,6,22/3/2017,0
512,13,44,6,23/3/2017,3
513,13,44,6,24/3/2017,9
514,13,44,6,25/3/2017,0
515,13,44,6,26/3/2017,0
516,13,44,6,27/3/2017,18
517,13,44,6,28/3/2017,2
518,13,44,6,29/3/2017,3
519,13,44,6,30/3/2017,5
520,13,44,6,31/3/2017,13
521,13,44,31,5/1/2017,1
522,13,44,31,6/1/2017,0
523,13,44,31,7/1/2017,0
524,13,44,31,8/1/2017,0
525,13,44,31,9/1/2017,0
526,13,44,31,10/1/2017,0
527,13,44,31,11/1/2017,0
528,13,44,31,12/1/2017,0
529,13,44,31,13/1/2017,1
530,13,44,31,14/1/2017,0
531,13,44,31,15/1/2017,0
532,13,44,31,16/1/2017,0
533,13,44,31,17/1/2017,0
534,13,44,31,18/1/2017,3
535,13,44,31,19/1/2017,0
536,13,44,31,20/1/2017,1
537,13,44,31,21/1/2017,0
538,13,44,31,22/1/2017,0
539,13,44,31,23/1/2017,0
540,13,44,31,24/1/2017,0
541,13,44,31,25/1/2017,2
542,13,44,31,26/1/2017,0
543,13,44,31,27/1/2017,1
544,13,44,31,28/1/2017,0
545,13,44,31,29/1/2017,0
546,13,44,31,30/1/2017,0
547,13,44,31,31/1/2017,0
548,13,44,31,1/2/2017,2
549,13,44,31,2/2/2017,0
550,13,44,31,3/2/2017,0
551,13,44,31,4/2/2017,0
552,13,44,31,5/2/2017,1
553,13,44,31,6/2/2017,0
554,13,44,31,7/2/2017,0
555,13,44,31,8/2/2017,1
556,13,44,31,9/2/2017,2
557,13,44,31,10/2/2017,0
558,13,44,31,11/2/2017,0
559,13,44,31,12/2/2017,0
560,13,44,31,13/2/2017,0
561,13,44,31,14/2/2017,0
562,13,44,31,15/2/2017,1
563,13,44,31,16/2/2017,1
564,13,44,31,17/2/2017,0
565,13,44,31,18/2/2017,0
566,13,44,31,19/2/2017,0
567,13,44,31,20/2/2017,0
568,13,44,31,21/2/2017,0
569,13,44,31,22/2/2017,2
570,13,44,31,23/2/2017,0
571,13,44,31,24/2/2017,0
572,13,44,31,25/2/2017,0
573,13,44,31,26/2/2017,0
574,13,44,31,27/2/2017,0
575,13,44,31,28/2/2017,0
576,13,44,31,1/3/2017,1
577,13,44,31,2/3/2017,0
578,13,44,31,3/3/2017,2
579,13,44,31,4/3/2017,0
580,13,44,31,5/3/2017,0
581,13,44,31,6/3/2017,0
582,13,44,31,7/3/2017,0
583,13,44,31,8/3/2017,1
584,13,44,31,9/3/2017,2
585,13,44,31,10/3/2017,0
586,13,44,31,11/3/2017,0
587,13,44,31,12/3/2017,0
588,13,44,31,13/3/2017,0
589,13,44,31,14/3/2017,0
590,13,44,31,15/3/2017,0
591,13,44,31,16/3/2017,2
592,13,44,31,17/3/2017,0
593,13,44,31,18/3/2017,0
594,13,44,31,19/3/2017,1
595,13,44,31,20/3/2017,0
596,13,44,31,21/3/2017,0
597,13,44,31,22/3/2017,0
598,13,44,31,23/3/2017,2
599,13,44,31,24/3/2017,0
600,13,44,31,25/3/2017,0
601,13,44,31,26/3/2017,0
602,13,44,31,27/3/2017,1
603,13,44,31,28/3/2017,0
604,13,44,31,29/3/2017,0
605,13,44,31,30/3/2017,1
606,13,47,11,7/2/2017,1
607,13,47,11,8/2/2017,0
608,13,47,11,9/2/2017,0
609,13,47,11,10/2/2017,0
610,13,47,11,11/2/2017,0
611,13,47,11,12/2/2017,0
612,13,47,11,13/2/2017,0
613,13,47,11,14/2/2017,0
614,13,47,11,15/2/2017,0
615,13,47,11,16/2/2017,0
616,13,47,11,17/2/2017,0
617,13,47,11,18/2/2017,0
618,13,47,11,19/2/2017,0
619,13,47,11,20/2/2017,0
620,13,47,11,21/2/2017,0
621,13,47,11,22/2/2017,1
622,13,47,11,23/2/2017,0
623,13,47,11,24/2/2017,0
624,13,47,11,25/2/2017,0
625,13,47,11,26/2/2017,0
626,13,47,11,27/2/2017,0
627,13,47,11,28/2/2017,0
628,13,47,11,1/3/2017,0
629,13,47,11,2/3/2017,0
630,13,47,11,3/3/2017,3
631,13,47,11,4/3/2017,0
632,13,47,11,5/3/2017,0
633,13,47,11,6/3/2017,0
634,13,47,11,7/3/2017,4
635,13,47,11,8/3/2017,6
636,13,47,11,9/3/2017,2
637,13,47,11,10/3/2017,0
638,13,47,11,11/3/2017,0
639,13,47,11,12/3/2017,0
640,13,47,11,13/3/2017,0
641,13,47,11,14/3/2017,0
642,13,47,11,15/3/2017,0
643,13,47,11,16/3/2017,0
644,13,47,11,17/3/2017,0
645,13,47,11,18/3/2017,0
646,13,47,11,19/3/2017,0
647,13,47,11,20/3/2017,0
648,13,47,11,21/3/2017,0
649,13,47,11,22/3/2017,5
650,13,47,11,23/3/2017,3
651,13,47,11,24/3/2017,0
652,13,47,11,25/3/2017,0
653,13,47,11,26/3/2017,0
654,13,47,11,27/3/2017,1
655,13,47,11,28/3/2017,1
656,13,47,11,29/3/2017,2
657,34,40,6,2/1/2017,2
658,34,40,6,3/1/2017,2
659,34,40,6,4/1/2017,0
660,34,40,6,5/1/2017,1
661,34,40,6,6/1/2017,0
662,34,40,6,7/1/2017,0
663,34,40,6,8/1/2017,1
664,34,40,6,9/1/2017,0
665,34,40,6,10/1/2017,0
666,34,40,6,11/1/2017,0
667,34,40,6,12/1/2017,0
668,34,40,6,13/1/2017,0
669,34,40,6,14/1/2017,0
670,34,40,6,15/1/2017,0
671,34,40,6,16/1/2017,0
672,34,40,6,17/1/2017,1
673,34,40,6,18/1/2017,1
674,34,40,6,19/1/2017,0
675,34,40,6,20/1/2017,0
676,34,40,6,21/1/2017,0
677,34,40,6,22/1/2017,1
678,34,40,6,23/1/2017,0
679,34,40,6,24/1/2017,3
680,34,40,6,25/1/2017,2
681,34,40,6,26/1/2017,0
682,34,40,6,27/1/2017,0
683,34,40,6,28/1/2017,0
684,34,40,6,29/1/2017,0
685,34,40,6,30/1/2017,0
686,34,40,6,31/1/2017,3
687,34,40,6,1/2/2017,0
688,34,40,6,2/2/2017,2
689,34,40,6,3/2/2017,0
690,34,40,6,4/2/2017,0
691,34,40,6,5/2/2017,1
692,34,40,6,6/2/2017,0
693,34,40,6,7/2/2017,0
694,34,40,6,8/2/2017,2
695,34,40,6,9/2/2017,0
696,34,40,6,10/2/2017,0
697,34,40,6,11/2/2017,0
698,34,40,6,12/2/2017,0
699,34,40,6,13/2/2017,0
700,34,40,6,14/2/2017,0
701,34,40,6,15/2/2017,3
702,34,40,6,16/2/2017,0
703,34,40,6,17/2/2017,0
704,34,40,6,18/2/2017,0
705,34,40,6,19/2/2017,0
706,34,40,6,20/2/2017,0
707,34,40,6,21/2/2017,4
708,34,40,6,22/2/2017,3
709,34,40,6,23/2/2017,0
710,34,40,6,24/2/2017,0
711,34,40,6,25/2/2017,0
712,34,40,6,26/2/2017,0
713,34,40,6,27/2/2017,0
714,34,40,6,28/2/2017,0
715,34,40,6,1/3/2017,0
716,34,40,6,2/3/2017,0
717,34,40,6,3/3/2017,0
718,34,40,6,4/3/2017,0
719,34,40,6,5/3/2017,2
720,34,40,6,6/3/2017,0
721,34,40,6,7/3/2017,0
722,34,40,6,8/3/2017,0
723,34,40,6,9/3/2017,3
724,34,40,6,10/3/2017,0
725,34,40,6,11/3/2017,0
726,34,40,6,12/3/2017,2
727,34,40,6,13/3/2017,1
728,34,40,6,14/3/2017,0
729,34,40,6,15/3/2017,0
730,34,40,6,16/3/2017,0
731,34,40,6,17/3/2017,0
732,34,40,6,18/3/2017,0
733,34,40,6,19/3/2017,1
734,34,40,6,20/3/2017,2
735,34,40,6,21/3/2017,0
736,34,40,6,22/3/2017,0
737,34,40,6,23/3/2017,0
738,34,40,6,24/3/2017,0
739,34,40,6,25/3/2017,0
740,34,40,6,26/3/2017,1
741,34,40,6,27/3/2017,0
742,34,40,6,28/3/2017,0
743,34,40,6,29/3/2017,3
744,34,42,6,6/1/2017,1
745,34,42,6,7/1/2017,0
746,34,42,6,8/1/2017,0
747,34,42,6,9/1/2017,2
748,34,42,6,10/1/2017,0
749,34,42,6,11/1/2017,0
750,34,42,6,12/1/2017,0
751,34,42,6,13/1/2017,0
752,34,42,6,14/1/2017,0
753,34,42,6,15/1/2017,0
754,34,42,6,16/1/2017,1
755,34,42,6,17/1/2017,0
756,34,42,6,18/1/2017,0
757,34,42,6,19/1/2017,0
758,34,42,6,20/1/2017,1
759,34,42,6,21/1/2017,0
760,34,42,6,22/1/2017,0
761,34,42,6,23/1/2017,1
762,34,42,6,24/1/2017,0
763,34,42,6,25/1/2017,0
764,34,42,6,26/1/2017,0
765,34,42,6,27/1/2017,0
766,34,42,6,28/1/2017,0
767,34,42,6,29/1/2017,0
768,34,42,6,30/1/2017,1
769,34,42,6,31/1/2017,0
770,34,42,6,1/2/2017,0
771,34,42,6,2/2/2017,3
772,34,42,6,3/2/2017,1
773,34,42,6,4/2/2017,0
774,34,42,6,5/2/2017,0
775,34,42,6,6/2/2017,1
776,34,42,6,7/2/2017,0
777,34,42,6,8/2/2017,0
778,34,42,6,9/2/2017,1
779,34,42,6,10/2/2017,0
780,34,42,6,11/2/2017,0
781,34,42,6,12/2/2017,0
782,34,42,6,13/2/2017,1
783,34,42,6,14/2/2017,0
784,34,42,6,15/2/2017,0
785,34,42,6,16/2/2017,2
786,34,42,6,17/2/2017,1
787,34,42,6,18/2/2017,0
788,34,42,6,19/2/2017,0
789,34,42,6,20/2/2017,0
790,34,42,6,21/2/2017,0
791,34,42,6,22/2/2017,0
792,34,42,6,23/2/2017,1
793,34,42,6,24/2/2017,0
794,34,42,6,25/2/2017,0
795,34,42,6,26/2/2017,0
796,34,42,6,27/2/2017,2
797,34,42,6,28/2/2017,0
798,34,42,6,1/3/2017,0
799,34,42,6,2/3/2017,1
800,34,42,6,3/3/2017,1
801,34,42,6,4/3/2017,0
802,34,42,6,5/3/2017,0
803,34,42,6,6/3/2017,1
804,34,42,6,7/3/2017,1
805,34,42,6,8/3/2017,0
806,34,42,6,9/3/2017,1
807,34,42,6,10/3/2017,1
808,34,42,6,11/3/2017,0
809,34,42,6,12/3/2017,1
810,34,42,6,13/3/2017,2
811,34,42,6,14/3/2017,0
812,34,42,6,15/3/2017,0
813,34,42,6,16/3/2017,1
814,34,42,6,17/3/2017,2
815,34,42,6,18/3/2017,0
816,34,42,6,19/3/2017,0
817,34,42,6,20/3/2017,1
818,34,42,6,21/3/2017,0
819,34,42,6,22/3/2017,0
820,34,42,6,23/3/2017,0
821,34,42,6,24/3/2017,1
822,34,42,6,25/3/2017,0
823,34,42,6,26/3/2017,0
824,34,42,6,27/3/2017,2
825,34,42,6,28/3/2017,0
826,34,42,6,29/3/2017,0
827,34,42,6,30/3/2017,2
828,34,42,31,3/1/2017,3
829,34,42,31,4/1/2017,0
830,34,42,31,5/1/2017,0
831,34,42,31,6/1/2017,5
832,34,42,31,7/1/2017,2
833,34,42,31,8/1/2017,1
834,34,42,31,9/1/2017,7
835,34,42,31,10/1/2017,1
836,34,42,31,11/1/2017,2
837,34,42,31,12/1/2017,1
838,34,42,31,13/1/2017,5
839,34,42,31,14/1/2017,0
840,34,42,31,15/1/2017,1
841,34,42,31,16/1/2017,1
842,34,42,31,17/1/2017,6
843,34,42,31,18/1/2017,0
844,34,42,31,19/1/2017,0
845,34,42,31,20/1/2017,11
846,34,42,31,21/1/2017,0
847,34,42,31,22/1/2017,0
848,34,42,31,23/1/2017,7
849,34,42,31,24/1/2017,1
850,34,42,31,25/1/2017,1
851,34,42,31,26/1/2017,2
852,34,42,31,27/1/2017,8
853,34,42,31,28/1/2017,0
854,34,42,31,29/1/2017,0
855,34,42,31,30/1/2017,4
856,34,42,31,31/1/2017,3
857,34,42,31,1/2/2017,2
858,34,42,31,2/2/2017,1
859,34,42,31,3/2/2017,7
860,34,42,31,4/2/2017,0
861,34,42,31,5/2/2017,0
862,34,42,31,6/2/2017,6
863,34,42,31,7/2/2017,2
864,34,42,31,8/2/2017,2
865,34,42,31,9/2/2017,3
866,34,42,31,10/2/2017,7
867,34,42,31,11/2/2017,0
868,34,42,31,12/2/2017,0
869,34,42,31,13/2/2017,8
870,34,42,31,14/2/2017,2
871,34,42,31,15/2/2017,1
872,34,42,31,16/2/2017,5
873,34,42,31,17/2/2017,6
874,34,42,31,18/2/2017,0
875,34,42,31,19/2/2017,1
876,34,42,31,20/2/2017,4
877,34,42,31,21/2/2017,0
878,34,42,31,22/2/2017,1
879,34,42,31,23/2/2017,3
880,34,42,31,24/2/2017,8
881,34,42,31,25/2/2017,0
882,34,42,31,26/2/2017,0
883,34,42,31,27/2/2017,3
884,34,42,31,28/2/2017,3
885,34,42,31,1/3/2017,0
886,34,42,31,2/3/2017,0
887,34,42,31,3/3/2017,8
888,34,42,31,4/3/2017,0
889,34,42,31,5/3/2017,2
890,34,42,31,6/3/2017,3
891,34,42,31,7/3/2017,3
892,34,42,31,8/3/2017,2
893,34,42,31,9/3/2017,1
894,34,42,31,10/3/2017,6
895,34,42,31,11/3/2017,0
896,34,42,31,12/3/2017,0
897,34,42,31,13/3/2017,6
898,34,42,31,14/3/2017,2
899,34,42,31,15/3/2017,0
900,34,42,31,16/3/2017,1
901,34,42,31,17/3/2017,7
902,34,42,31,18/3/2017,0
903,34,42,31,19/3/2017,0
904,34,42,31,20/3/2017,8
905,34,42,31,21/3/2017,1
906,34,42,31,22/3/2017,0
907,34,42,31,23/3/2017,1
908,34,42,31,24/3/2017,7
909,34,42,31,25/3/2017,0
910,34,42,31,26/3/2017,1
911,34,42,31,27/3/2017,1
912,34,42,31,28/3/2017,1
913,34,42,31,29/3/2017,1
914,34,42,31,30/3/2017,3
915,34,42,31,31/3/2017,5
916,34,44,6,2/1/2017,7
917,34,44,6,3/1/2017,3
918,34,44,6,4/1/2017,0
919,34,44,6,5/1/2017,0
920,34,44,6,6/1/2017,4
921,34,44,6,7/1/2017,1
922,34,44,6,8/1/2017,3
923,34,44,6,9/1/2017,9
924,34,44,6,10/1/2017,1
925,34,44,6,11/1/2017,0
926,34,44,6,12/1/2017,1
927,34,44,6,13/1/2017,2
928,34,44,6,14/1/2017,0
929,34,44,6,15/1/2017,6
930,34,44,6,16/1/2017,0
931,34,44,6,17/1/2017,3
932,34,44,6,18/1/2017,3
933,34,44,6,19/1/2017,1
934,34,44,6,20/1/2017,0
935,34,44,6,21/1/2017,0
936,34,44,6,22/1/2017,7
937,34,44,6,23/1/2017,3
938,34,44,6,24/1/2017,5
939,34,44,6,25/1/2017,2
940,34,44,6,26/1/2017,1
941,34,44,6,27/1/2017,0
942,34,44,6,28/1/2017,0
943,34,44,6,29/1/2017,7
944,34,44,6,30/1/2017,1
945,34,44,6,31/1/2017,4
946,34,44,6,1/2/2017,1
947,34,44,6,2/2/2017,3
948,34,44,6,3/2/2017,3
949,34,44,6,4/2/2017,0
950,34,44,6,5/2/2017,4
951,34,44,6,6/2/2017,3
952,34,44,6,7/2/2017,2
953,34,44,6,8/2/2017,1
954,34,44,6,9/2/2017,3
955,34,44,6,10/2/2017,1
956,34,44,6,11/2/2017,0
957,34,44,6,12/2/2017,4
958,34,44,6,13/2/2017,2
959,34,44,6,14/2/2017,1
960,34,44,6,15/2/2017,0
961,34,44,6,16/2/2017,4
962,34,44,6,17/2/2017,0
963,34,44,6,18/2/2017,0
964,34,44,6,19/2/2017,8
965,34,44,6,20/2/2017,11
966,34,44,6,21/2/2017,3
967,34,44,6,22/2/2017,2
968,34,44,6,23/2/2017,0
969,34,44,6,24/2/2017,2
970,34,44,6,25/2/2017,0
971,34,44,6,26/2/2017,6
972,34,44,6,27/2/2017,14
973,34,44,6,28/2/2017,16
974,34,44,6,1/3/2017,0
975,34,44,6,2/3/2017,14
976,34,44,6,3/3/2017,1
977,34,44,6,4/3/2017,0
978,34,44,6,5/3/2017,13
979,34,44,6,6/3/2017,2
980,34,44,6,7/3/2017,5
981,34,44,6,8/3/2017,0
982,34,44,6,9/3/2017,2
983,34,44,6,10/3/2017,0
984,34,44,6,11/3/2017,0
985,34,44,6,12/3/2017,6
986,34,44,6,13/3/2017,4
987,34,44,6,14/3/2017,2
988,34,44,6,15/3/2017,1
989,34,44,6,16/3/2017,1
990,34,44,6,17/3/2017,1
991,34,44,6,18/3/2017,0
992,34,44,6,19/3/2017,6
993,34,44,6,20/3/2017,9
994,34,44,6,21/3/2017,8
995,34,44,6,22/3/2017,2
996,34,44,6,23/3/2017,3
997,34,44,6,24/3/2017,0
998,34,44,6,25/3/2017,0
999,34,44,6,26/3/2017,11
1000,34,44,6,27/3/2017,2
1001,34,44,6,28/3/2017,7
1002,34,44,6,29/3/2017,0
1003,34,44,6,30/3/2017,3
1004,34,44,6,31/3/2017,3
1005,34,44,31,3/1/2017,3
1006,34,44,31,4/1/2017,0
1007,34,44,31,5/1/2017,0
1008,34,44,31,6/1/2017,1
1009,34,44,31,7/1/2017,3
1010,34,44,31,8/1/2017,0
1011,34,44,31,9/1/2017,2
1012,34,44,31,10/1/2017,0
1013,34,44,31,11/1/2017,0
1014,34,44,31,12/1/2017,0
1015,34,44,31,13/1/2017,4
1016,34,44,31,14/1/2017,0
1017,34,44,31,15/1/2017,0
1018,34,44,31,16/1/2017,0
1019,34,44,31,17/1/2017,0
1020,34,44,31,18/1/2017,0
1021,34,44,31,19/1/2017,0
1022,34,44,31,20/1/2017,5
1023,34,44,31,21/1/2017,0
1024,34,44,31,22/1/2017,0
1025,34,44,31,23/1/2017,0
1026,34,44,31,24/1/2017,0
1027,34,44,31,25/1/2017,0
1028,34,44,31,26/1/2017,0
1029,34,44,31,27/1/2017,6
1030,34,44,31,28/1/2017,0
1031,34,44,31,29/1/2017,0
1032,34,44,31,30/1/2017,3
1033,34,44,31,31/1/2017,0
1034,34,44,31,1/2/2017,0
1035,34,44,31,2/2/2017,1
1036,34,44,31,3/2/2017,4
1037,34,44,31,4/2/2017,0
1038,34,44,31,5/2/2017,0
1039,34,44,31,6/2/2017,1
1040,34,44,31,7/2/2017,0
1041,34,44,31,8/2/2017,0
1042,34,44,31,9/2/2017,0
1043,34,44,31,10/2/2017,5
1044,34,44,31,11/2/2017,0
1045,34,44,31,12/2/2017,0
1046,34,44,31,13/2/2017,1
1047,34,44,31,14/2/2017,0
1048,34,44,31,15/2/2017,0
1049,34,44,31,16/2/2017,0
1050,34,44,31,17/2/2017,4
1051,34,44,31,18/2/2017,0
1052,34,44,31,19/2/2017,0
1053,34,44,31,20/2/2017,1
1054,34,44,31,21/2/2017,0
1055,34,44,31,22/2/2017,0
1056,34,44,31,23/2/2017,2
1057,34,44,31,24/2/2017,4
1058,34,44,31,25/2/2017,0
1059,34,44,31,26/2/2017,0
1060,34,44,31,27/2/2017,2
1061,34,44,31,28/2/2017,0
1062,34,44,31,1/3/2017,0
1063,34,44,31,2/3/2017,0
1064,34,44,31,3/3/2017,3
1065,34,44,31,4/3/2017,0
1066,34,44,31,5/3/2017,2
1067,34,44,31,6/3/2017,0
1068,34,44,31,7/3/2017,0
1069,34,44,31,8/3/2017,0
1070,34,44,31,9/3/2017,0
1071,34,44,31,10/3/2017,2
1072,34,44,31,11/3/2017,0
1073,34,44,31,12/3/2017,0
1074,34,44,31,13/3/2017,0
1075,34,44,31,14/3/2017,0
1076,34,44,31,15/3/2017,0
1077,34,44,31,16/3/2017,0
1078,34,44,31,17/3/2017,2
1079,34,44,31,18/3/2017,0
1080,34,44,31,19/3/2017,0
1081,34,44,31,20/3/2017,1
1082,34,44,31,21/3/2017,0
1083,34,44,31,22/3/2017,0
1084,34,44,31,23/3/2017,0
1085,34,44,31,24/3/2017,3
1086,34,44,31,25/3/2017,0
1087,34,44,31,26/3/2017,3
1088,34,44,31,27/3/2017,1
1089,34,44,31,28/3/2017,0
1090,34,44,31,29/3/2017,0
1091,34,44,31,30/3/2017,0
1092,34,44,31,31/3/2017,3
1093,34,45,19,3/1/2017,1
1094,34,45,19,4/1/2017,0
1095,34,45,19,5/1/2017,1
1096,34,45,19,6/1/2017,0
1097,34,45,19,7/1/2017,0
1098,34,45,19,8/1/2017,0
1099,34,45,19,9/1/2017,0
1100,34,45,19,10/1/2017,0
1101,34,45,19,11/1/2017,3
1102,34,45,19,12/1/2017,0
1103,34,45,19,13/1/2017,0
1104,34,45,19,14/1/2017,0
1105,34,45,19,15/1/2017,1
1106,34,45,19,16/1/2017,0
1107,34,45,19,17/1/2017,0
1108,34,45,19,18/1/2017,0
1109,34,45,19,19/1/2017,0
1110,34,45,19,20/1/2017,1
1111,34,45,19,21/1/2017,0
1112,34,45,19,22/1/2017,0
1113,34,45,19,23/1/2017,0
1114,34,45,19,24/1/2017,0
1115,34,45,19,25/1/2017,1
1116,34,45,19,26/1/2017,1
1117,34,45,19,27/1/2017,0
1118,34,45,19,28/1/2017,0
1119,34,45,19,29/1/2017,0
1120,34,45,19,30/1/2017,1
1121,34,45,19,31/1/2017,0
1122,34,45,19,1/2/2017,0
1123,34,45,19,2/2/2017,5
1124,34,45,19,3/2/2017,0
1125,34,45,19,4/2/2017,0
1126,34,45,19,5/2/2017,0
1127,34,45,19,6/2/2017,1
1128,34,45,19,7/2/2017,0
1129,34,45,19,8/2/2017,1
1130,34,45,19,9/2/2017,1
1131,34,45,19,10/2/2017,0
1132,34,45,19,11/2/2017,0
1133,34,45,19,12/2/2017,0
1134,34,45,19,13/2/2017,1
1135,34,45,19,14/2/2017,0
1136,34,45,19,15/2/2017,0
1137,34,45,19,16/2/2017,1
1138,34,45,19,17/2/2017,0
1139,34,45,19,18/2/2017,0
1140,34,45,19,19/2/2017,0
1141,34,45,19,20/2/2017,0
1142,34,45,19,21/2/2017,0
1143,34,45,19,22/2/2017,1
1144,34,45,19,23/2/2017,4
1145,34,45,19,24/2/2017,0
1146,34,45,19,25/2/2017,0
1147,34,45,19,26/2/2017,0
1148,34,45,19,27/2/2017,1
1149,34,45,19,28/2/2017,0
1150,34,45,19,1/3/2017,2
1151,34,45,19,2/3/2017,0
1152,34,45,19,3/3/2017,0
1153,34,45,19,4/3/2017,0
1154,34,45,19,5/3/2017,2
1155,34,45,19,6/3/2017,0
1156,34,45,19,7/3/2017,0
1157,34,45,19,8/3/2017,0
1158,34,45,19,9/3/2017,6
1159,34,45,19,10/3/2017,1
1160,34,45,19,11/3/2017,0
1161,34,45,19,12/3/2017,0
1162,34,45,19,13/3/2017,2
1163,34,45,19,14/3/2017,0
1164,34,45,19,15/3/2017,2
1165,34,45,19,16/3/2017,0
1166,34,45,19,17/3/2017,0
1167,34,45,19,18/3/2017,0
1168,34,45,19,19/3/2017,0
1169,34,45,19,20/3/2017,2
1170,34,45,19,21/3/2017,0
1171,34,45,19,22/3/2017,4
1172,34,45,19,23/3/2017,0
1173,34,45,19,24/3/2017,0
1174,34,45,19,25/3/2017,0
1175,34,45,19,26/3/2017,1
1176,34,45,19,27/3/2017,0
1177,34,45,19,28/3/2017,1
1178,34,45,19,29/3/2017,2
1179,34,45,19,30/3/2017,0
1180,34,45,19,31/3/2017,3
1181,43,41,11,15/3/2017,3
1182,43,41,11,16/3/2017,0
1183,43,41,11,17/3/2017,0
1184,43,41,11,18/3/2017,0
1185,43,41,11,19/3/2017,0
1186,43,41,11,20/3/2017,0
1187,43,41,11,21/3/2017,0
1188,43,41,11,22/3/2017,3
1189,43,42,11,5/1/2017,1
1190,43,42,11,6/1/2017,1
1191,43,42,11,7/1/2017,0
1192,43,42,11,8/1/2017,0
1193,43,42,11,9/1/2017,0
1194,43,42,11,10/1/2017,1
1195,43,42,11,11/1/2017,1
1196,43,42,11,12/1/2017,0
1197,43,42,11,13/1/2017,0
1198,43,42,11,14/1/2017,0
1199,43,42,11,15/1/2017,0
1200,43,42,11,16/1/2017,1
1201,43,42,11,17/1/2017,0
1202,43,42,11,18/1/2017,2
1203,43,42,11,19/1/2017,2
1204,43,42,11,20/1/2017,0
1205,43,42,11,21/1/2017,0
1206,43,42,11,22/1/2017,0
1207,43,42,11,23/1/2017,0
1208,43,42,11,24/1/2017,0
1209,43,42,11,25/1/2017,2
1210,43,42,11,26/1/2017,0
1211,43,42,11,27/1/2017,3
1212,43,42,11,28/1/2017,0
1213,43,42,11,29/1/2017,0
1214,43,42,11,30/1/2017,1
1215,43,42,11,31/1/2017,0
1216,43,42,11,1/2/2017,1
1217,43,42,11,2/2/2017,3
1218,43,42,11,3/2/2017,0
1219,43,42,11,4/2/2017,0
1220,43,42,11,5/2/2017,0
1221,43,42,11,6/2/2017,0
1222,43,42,11,7/2/2017,1
1223,43,42,11,8/2/2017,1
1224,43,42,11,9/2/2017,1
1225,43,42,11,10/2/2017,2
1226,43,42,11,11/2/2017,0
1227,43,42,11,12/2/2017,0
1228,43,42,11,13/2/2017,0
1229,43,42,11,14/2/2017,0
1230,43,42,11,15/2/2017,0
1231,43,42,11,16/2/2017,3
1232,43,42,11,17/2/2017,1
1233,43,42,11,18/2/2017,0
1234,43,42,11,19/2/2017,0
1235,43,42,11,20/2/2017,2
1236,43,42,11,21/2/2017,0
1237,43,42,11,22/2/2017,0
1238,43,42,11,23/2/2017,5
1239,43,42,11,24/2/2017,4
1240,43,42,11,25/2/2017,0
1241,43,42,11,26/2/2017,0
1242,43,42,11,27/2/2017,0
1243,43,42,11,28/2/2017,1
1244,43,42,11,1/3/2017,0
1245,43,42,11,2/3/2017,4
1246,43,42,11,3/3/2017,6
1247,43,42,11,4/3/2017,0
1248,43,42,11,5/3/2017,0
1249,43,42,11,6/3/2017,0
1250,43,42,11,7/3/2017,1
1251,43,42,11,8/3/2017,1
1252,43,42,11,9/3/2017,5
1253,43,42,11,10/3/2017,0
1254,43,42,11,11/3/2017,0
1255,43,42,11,12/3/2017,0
1256,43,42,11,13/3/2017,1
1257,43,42,11,14/3/2017,0
1258,43,42,11,15/3/2017,4
1259,43,42,11,16/3/2017,5
1260,43,42,11,17/3/2017,0
1261,43,42,11,18/3/2017,0
1262,43,42,11,19/3/2017,0
1263,43,42,11,20/3/2017,0
1264,43,42,11,21/3/2017,0
1265,43,42,11,22/3/2017,5
1266,43,42,11,23/3/2017,3
1267,43,42,11,24/3/2017,5
1268,43,42,11,25/3/2017,0
1269,43,42,11,26/3/2017,0
1270,43,42,11,27/3/2017,1
1271,43,42,11,28/3/2017,0
1272,43,42,11,29/3/2017,0
1273,43,42,11,30/3/2017,6
1274,43,42,11,31/3/2017,2
1275,43,44,6,3/1/2017,4
1276,43,44,6,4/1/2017,1
1277,43,44,6,5/1/2017,0
1278,43,44,6,6/1/2017,0
1279,43,44,6,7/1/2017,0
1280,43,44,6,8/1/2017,1
1281,43,44,6,9/1/2017,5
1282,43,44,6,10/1/2017,2
1283,43,44,6,11/1/2017,1
1284,43,44,6,12/1/2017,0
1285,43,44,6,13/1/2017,0
1286,43,44,6,14/1/2017,0
1287,43,44,6,15/1/2017,1
1288,43,44,6,16/1/2017,2
1289,43,44,6,17/1/2017,2
1290,43,44,6,18/1/2017,0
1291,43,44,6,19/1/2017,0
1292,43,44,6,20/1/2017,0
1293,43,44,6,21/1/2017,0
1294,43,44,6,22/1/2017,1
1295,43,44,6,23/1/2017,9
1296,43,44,6,24/1/2017,0
1297,43,44,6,25/1/2017,0
1298,43,44,6,26/1/2017,0
1299,43,44,6,27/1/2017,0
1300,43,44,6,28/1/2017,0
1301,43,44,6,29/1/2017,3
1302,43,44,6,30/1/2017,2
1303,43,44,6,31/1/2017,2
1304,43,44,6,1/2/2017,2
1305,43,44,6,2/2/2017,0
1306,43,44,6,3/2/2017,0
1307,43,44,6,4/2/2017,0
1308,43,44,6,5/2/2017,3
1309,43,44,6,6/2/2017,3
1310,43,44,6,7/2/2017,2
1311,43,44,6,8/2/2017,1
1312,43,44,6,9/2/2017,0
1313,43,44,6,10/2/2017,0
1314,43,44,6,11/2/2017,0
1315,43,44,6,12/2/2017,1
1316,43,44,6,13/2/2017,1
1317,43,44,6,14/2/2017,6
1318,43,44,6,15/2/2017,0
1319,43,44,6,16/2/2017,0
1320,43,44,6,17/2/2017,0
1321,43,44,6,18/2/2017,0
1322,43,44,6,19/2/2017,0
1323,43,44,6,20/2/2017,6
1324,43,44,6,21/2/2017,2
1325,43,44,6,22/2/2017,4
1326,43,44,6,23/2/2017,0
1327,43,44,6,24/2/2017,1
1328,43,44,6,25/2/2017,0
1329,43,44,6,26/2/2017,24
1330,43,44,6,27/2/2017,15
1331,43,44,6,28/2/2017,35
1332,43,44,6,1/3/2017,7
1333,43,44,6,2/3/2017,8
1334,43,44,6,3/3/2017,0
1335,43,44,6,4/3/2017,0
1336,43,44,6,5/3/2017,1
1337,43,44,6,6/3/2017,2
1338,43,44,6,7/3/2017,4
1339,43,44,6,8/3/2017,0
1340,43,44,6,9/3/2017,0
1341,43,44,6,10/3/2017,0
1342,43,44,6,11/3/2017,0
1343,43,44,6,12/3/2017,3
1344,43,44,6,13/3/2017,0
1345,43,44,6,14/3/2017,8
1346,43,44,6,15/3/2017,0
1347,43,44,6,16/3/2017,0
1348,43,44,6,17/3/2017,0
1349,43,44,6,18/3/2017,0
1350,43,44,6,19/3/2017,0
1351,43,44,6,20/3/2017,4
1352,43,44,6,21/3/2017,7
1353,43,44,6,22/3/2017,0
1354,43,44,6,23/3/2017,1
1355,43,44,6,24/3/2017,0
1356,43,44,6,25/3/2017,0
1357,43,44,6,26/3/2017,7
1358,43,44,6,27/3/2017,2
1359,43,44,6,28/3/2017,2
1360,43,44,6,29/3/2017,2
1361,43,44,6,30/3/2017,1
1362,43,47,11,8/2/2017,1
1363,43,47,11,9/2/2017,0
1364,43,47,11,10/2/2017,2
1365,43,47,11,11/2/2017,0
1366,43,47,11,12/2/2017,0
1367,43,47,11,13/2/2017,0
1368,43,47,11,14/2/2017,0
1369,43,47,11,15/2/2017,1
1370,43,47,11,16/2/2017,1
1371,43,47,11,17/2/2017,0
1372,43,47,11,18/2/2017,0
1373,43,47,11,19/2/2017,0
1374,43,47,11,20/2/2017,0
1375,43,47,11,21/2/2017,1
1376,43,47,11,22/2/2017,4
1377,43,47,11,23/2/2017,1
1378,43,47,11,24/2/2017,2
1379,43,47,11,25/2/2017,0
1380,43,47,11,26/2/2017,0
1381,43,47,11,27/2/2017,0
1382,43,47,11,28/2/2017,0
1383,43,47,11,1/3/2017,0
1384,43,47,11,2/3/2017,1
1385,43,47,11,3/3/2017,0
1386,43,47,11,4/3/2017,0
1387,43,47,11,5/3/2017,0
1388,43,47,11,6/3/2017,0
1389,43,47,11,7/3/2017,1
1390,43,47,11,8/3/2017,0
1391,43,47,11,9/3/2017,2
1392,43,47,11,10/3/2017,0
1393,43,47,11,11/3/2017,0
1394,43,47,11,12/3/2017,0
1395,43,47,11,13/3/2017,0
1396,43,47,11,14/3/2017,0
1397,43,47,11,15/3/2017,0
1398,43,47,11,16/3/2017,0
1399,43,47,11,17/3/2017,0
1400,43,47,11,18/3/2017,0
1401,43,47,11,19/3/2017,0
1402,43,47,11,20/3/2017,0
1403,43,47,11,21/3/2017,0
1404,43,47,11,22/3/2017,0
1405,43,47,11,23/3/2017,2
1406,43,47,11,24/3/2017,3
1407,43,47,11,25/3/2017,0
1408,43,47,11,26/3/2017,0
1409,43,47,11,27/3/2017,0
1410,43,47,11,28/3/2017,0
1411,43,47,11,29/3/2017,2
